,Columns,VIF
0,fixed acidity,5.048348440705641
1,volatile acidity,2.1681592780614256
2,citric acid,1.6221507037152292
3,residual sugar,9.634653344520558
4,chlorides,1.659341711861899
5,free sulfur dioxide,2.235693009128369
6,total sulfur dioxide,4.045899448328304
7,density,22.337222848305814
8,pH,2.563775804151236
9,sulphates,1.555807252839633
10,alcohol,5.616857396241929
11,color,7.224467401332602
