Columns,VIF
fixed acidity,10.478268841814144
volatile acidity,3.555727285499495
citric acid,3.309374531667863
residual sugar,5.4940235547643415
chlorides,2.1325073500684266
free sulfur dioxide,5.761980489456939
total sulfur dioxide,10.449551568357755
density,11.02399461978649
pH,4.525396718084787
sulphates,2.2145395551770215
alcohol,2.765233068326468
