Columns,VIF
fixed acidity,2.176577969117725
volatile acidity,2.059113454448129
citric acid,1.593180233730735
chlorides,1.521998947206909
pH,1.5546573172668117
sulphates,1.4401353713573133
color,4.187504759186772
fermentation,1.1435466586757763
sulfur dioxide,1.8344061837287342
