,Columns,VIF
0,fixed acidity,3.77446386030414
1,volatile acidity,3.1561899586922424
2,citric acid,3.1095445051514043
3,chlorides,1.9612027651688226
4,pH,2.597755850793125
5,sulphates,1.8644601101417044
6,fermentation,1.430802545150093
7,sulfur dioxide,3.5077954429725593
