,Columns,VIF
0,fixed acidity,3.1630058436404784
1,volatile acidity,1.4053771847297023
2,citric acid,1.1696139465746782
3,residual sugar,10.425082240977442
4,chlorides,1.461647993472445
5,free sulfur dioxide,1.8080841117827446
6,total sulfur dioxide,2.0952198522064807
7,density,22.78285032536632
8,pH,2.2596245761920963
9,sulphates,1.2784971851410547
10,alcohol,6.625901225520062
