Columns,VIF
fixed acidity,5.048348440705641
volatile acidity,2.1681592780614256
citric acid,1.6221507037152292
residual sugar,9.634653344520558
chlorides,1.659341711861899
free sulfur dioxide,2.235693009128369
total sulfur dioxide,4.045899448328304
density,22.337222848305814
pH,2.563775804151236
sulphates,1.555807252839633
alcohol,5.616857396241929
color,7.224467401332602
