,Columns,VIF
0,fixed acidity,10.478268841814144
1,volatile acidity,3.555727285499495
2,citric acid,3.309374531667863
3,residual sugar,5.4940235547643415
4,chlorides,2.1325073500684266
5,free sulfur dioxide,5.761980489456939
6,total sulfur dioxide,10.449551568357755
7,density,11.02399461978649
8,pH,4.525396718084787
9,sulphates,2.2145395551770215
10,alcohol,2.765233068326468
