Columns,VIF
fixed acidity,3.77446386030414
volatile acidity,3.1561899586922424
citric acid,3.1095445051514043
chlorides,1.9612027651688226
pH,2.597755850793125
sulphates,1.8644601101417044
fermentation,1.430802545150093
sulfur dioxide,3.5077954429725593
