Columns,VIF
fixed acidity,1.3249665470488805
volatile acidity,1.2621931930018613
citric acid,1.1597652549579383
chlorides,1.1330997577346333
pH,1.227089793143407
sulphates,1.1144638739347037
fermentation,1.1555533927957569
sulfur dioxide,1.2157899395295149
