,Columns,VIF
0,fixed acidity,2.176577969117725
1,volatile acidity,2.059113454448129
2,citric acid,1.593180233730735
3,chlorides,1.521998947206909
4,pH,1.5546573172668117
5,sulphates,1.4401353713573133
6,color,4.187504759186772
7,fermentation,1.1435466586757763
8,sulfur dioxide,1.8344061837287342
